publish_at_jst,account,handle,type,theme,caption,first_comment,media,alt_texts,slide_count
2026-09-02 12:00,next-platinum,,carousel,X線での成分分析が、そのまま買取率の根拠になることを業者向けに説明する,"刻印が薄い、刻印がない、地金かどうかも怪しい。
業者間のお取引で、いちばん判断に時間がかかるところです。

ネクストプラチナムでは、X線分析装置 VantaGX で貴金属の成分を測定しています。
見た目や刻印ではなく、測った数値をもとに査定します。

これには2つの意味があります。

1つは、純度を取り違えないこと。
もう1つは、提示した金額の理由を数値でご説明できることです。

さらに当社は相場選択システムを採用しており、
相場の取り方を選べる分だけ、買取率に反映できる幅があります。

判断に迷うロットこそ、一度お持ちください。

お取引のご相談は 0120-515-071(神戸) またはプロフィールのリンクから。

#ネクストプラチナム #貴金属買取 #BtoB #プラチナ買取 #金買取 #地金 #貴金属卸 #業者間取引 #蛍光X線 #成分分析 #買取率 #神戸",,,分析装置の前に置かれた各種の地金と貴金属スクラップ | ハンディ型のX線分析装置で金属の成分を測定している場面 | 測定結果の数値が表示された分析装置の画面 | バーミリオンとティールの配色で取引の相談を促す案内カード,4
2026-09-04 12:00,next-platinum,,carousel,初めての業者間取引の流れを、問い合わせから入金まで通しで見せる,"「どこよりも高くお買取致します」
当社が掲げている言葉ですが、初めての取引先様にとっては、まず流れが見えないと動きにくいと思います。

▼ ご連絡
お電話またはDMで、品目とおおよその量をお知らせください。

▼ 査定
X線で成分を測定し、純度の数値をお見せしたうえで金額を提示します。

▼ ご成約・お支払い
提示内容にご納得いただいてからのご成約です。

扱っているのはプラチナ・金を中心とした貴金属、ダイヤモンド、色石です。
卸・小売の両方の出口を持っているため、品目をまたぐロットでもお受けできます。

まずは相場のご相談だけでも構いません。

お取引のご相談は 0120-515-071(神戸) またはプロフィールのリンクから。

#ネクストプラチナム #貴金属買取 #BtoB #貴金属卸 #業者間取引 #プラチナ買取 #金買取 #ダイヤ買取 #色石 #神戸",,,取引の流れを4ステップで示した表紙 | 電話番号とDMの2つの連絡窓口を並べた案内 | 貴金属を分析装置で測定しているところ | 取引内容の書面を確認しているシーン,4
